9d7a7c64-ac86-42bd-9096-7185f634d542,3,ec2b76c0-bd67-4978-933b-42c5636bb174
457d1cdd-f218-4261-9d2a-0b3dc25de9a3,2,ec2b76c0-bd67-4978-933b-42c5636bb174
8882d981-54da-4058-ba8f-ba99ff97fed9,3,0515fb8d-56cc-480f-9a65-a7fbae9b38a0
16285e92-a655-4e4a-b1e2-9d817206b6e0,2,8e1e7314-a24b-4467-8c69-d4f6f66139e7
6844be07-4efa-4d8c-9805-53558085fad1,1,0515fb8d-56cc-480f-9a65-a7fbae9b38a0
de7c23d0-1335-48a0-8282-8988f6ce2b35,9,3e909ce1-ca9f-4280-a3d1-7572c7c9bae0
6068207b-5c56-4cbc-a5de-11103f64fc89,5,a1d37ff7-dbc1-4eb3-beae-8e8df4532f64
64706b70-7474-4836-a00e-607d01c15014,10,8e1e7314-a24b-4467-8c69-d4f6f66139e7
5d78502c-9716-4700-9753-1dc32c72aa24,4,3e909ce1-ca9f-4280-a3d1-7572c7c9bae0
1be785a9-5d9d-4803-91b1-ca717472ff15,4,a1d37ff7-dbc1-4eb3-beae-8e8df4532f64
580a402d-b3d8-494c-b57c-fbd7723fc5b4,6,ec2b76c0-bd67-4978-933b-42c5636bb174
e94efa27-0d97-47cc-bce1-a69f507b36c7,3,8e1e7314-a24b-4467-8c69-d4f6f66139e7
36ed19d5-61c0-4c60-afa5-fc8d0d84e900,5,0515fb8d-56cc-480f-9a65-a7fbae9b38a0
537be400-e149-4048-9d80-39e96f316ea5,7,0515fb8d-56cc-480f-9a65-a7fbae9b38a0
384176ed-50bd-4fd7-b689-dea4271102e3,11,ec2b76c0-bd67-4978-933b-42c5636bb174
e70220d8-1de1-4a2b-95e3-a4b0e2e57c17,7,ec2b76c0-bd67-4978-933b-42c5636bb174
755ec4aa-0a55-4a84-b951-47ad5b4a4b14,12,8e1e7314-a24b-4467-8c69-d4f6f66139e7
c6a125c5-6fb6-4e89-a6e5-bcbf8c4ac6c8,11,0515fb8d-56cc-480f-9a65-a7fbae9b38a0
e4858152-c14c-4bc3-84ec-a9fe62dca60f,12,3e909ce1-ca9f-4280-a3d1-7572c7c9bae0
4e54ed79-c14f-47b2-ad99-8d09c04055ac,9,ec2b76c0-bd67-4978-933b-42c5636bb174
4b3b44b1-ee34-4ba1-a835-121d9ce3c646,2,3e909ce1-ca9f-4280-a3d1-7572c7c9bae0
500779b7-2731-49b1-9c32-333d53ebcd2b,5,3e909ce1-ca9f-4280-a3d1-7572c7c9bae0
e2237178-39e7-46ef-a397-694036611c01,9,8e1e7314-a24b-4467-8c69-d4f6f66139e7
f72ae7b7-1753-4adc-ba4d-ad50e2c0c40e,6,a1d37ff7-dbc1-4eb3-beae-8e8df4532f64
d6959816-132f-4355-8f0d-e96d2110ad93,5,8e1e7314-a24b-4467-8c69-d4f6f66139e7
eff9674e-8a97-4361-b633-b223343e9c85,8,a1d37ff7-dbc1-4eb3-beae-8e8df4532f64
e71426e1-6085-4a29-aacc-2d00e0138c02,11,a1d37ff7-dbc1-4eb3-beae-8e8df4532f64
5821f38c-734a-4884-b8c0-b87bf719cff0,7,3e909ce1-ca9f-4280-a3d1-7572c7c9bae0
890019fc-1aa3-41f5-88e4-b1c51687d826,1,a1d37ff7-dbc1-4eb3-beae-8e8df4532f64
32ae3474-5a28-4aaa-977a-2ac264bec715,9,a1d37ff7-dbc1-4eb3-beae-8e8df4532f64
6bb6348d-499a-4641-90b8-31524a1c3aac,6,3e909ce1-ca9f-4280-a3d1-7572c7c9bae0
ed671166-aec7-42c3-9846-969369e2f5b6,10,0515fb8d-56cc-480f-9a65-a7fbae9b38a0
41897eca-8f08-44e3-ab3e-a6ca321cfc44,2,0515fb8d-56cc-480f-9a65-a7fbae9b38a0
fa2c7ef6-f4e2-43a5-91d4-9d2859140cf9,10,a1d37ff7-dbc1-4eb3-beae-8e8df4532f64
c707f5b7-36c2-4b29-834b-b37158e895b8,1,3e909ce1-ca9f-4280-a3d1-7572c7c9bae0
925dbb2d-3d1e-4a61-ac88-0f771c4d7f3c,8,0515fb8d-56cc-480f-9a65-a7fbae9b38a0
0e86733e-52e1-4729-b35a-419523ed6b55,9,0515fb8d-56cc-480f-9a65-a7fbae9b38a0
27a9240f-8513-4dd5-94c1-7cc739b191b1,3,3e909ce1-ca9f-4280-a3d1-7572c7c9bae0
f91cfcdc-3f74-4887-ad51-9044678779f7,5,ec2b76c0-bd67-4978-933b-42c5636bb174
46bb0a3b-8fc6-4fce-9d97-f282711d7583,10,ec2b76c0-bd67-4978-933b-42c5636bb174
12404cf1-98b7-4390-b9cc-d0654f40d510,8,3e909ce1-ca9f-4280-a3d1-7572c7c9bae0
3f942df7-2007-4296-bd08-c3b993f24b7f,6,8e1e7314-a24b-4467-8c69-d4f6f66139e7
c802b375-d848-4c48-8bf2-cf7fc17ad8c1,7,8e1e7314-a24b-4467-8c69-d4f6f66139e7
624210dd-a50c-48ad-b946-de62771fd603,11,8e1e7314-a24b-4467-8c69-d4f6f66139e7
e3c108ed-72c2-45c4-b7d1-20439a448718,1,8e1e7314-a24b-4467-8c69-d4f6f66139e7
d0637dec-275f-41a7-927a-3f9e636bc4f4,2,a1d37ff7-dbc1-4eb3-beae-8e8df4532f64
6c6c27b1-b7e4-4439-b979-b390370e92af,7,a1d37ff7-dbc1-4eb3-beae-8e8df4532f64
b281d0d5-71af-40ae-9165-d5801d832c24,12,a1d37ff7-dbc1-4eb3-beae-8e8df4532f64
2948dd47-6db6-488a-9c3d-dbaecda257eb,1,ec2b76c0-bd67-4978-933b-42c5636bb174
7b4a894d-c65b-4f0a-b285-e06bb87cb98e,8,8e1e7314-a24b-4467-8c69-d4f6f66139e7
10d27ef3-eab3-4666-b1b0-dcb49ad37fa9,4,0515fb8d-56cc-480f-9a65-a7fbae9b38a0
26e14d1c-2f6c-4a96-be6c-e10476aedee6,10,3e909ce1-ca9f-4280-a3d1-7572c7c9bae0
f4d65d66-bdf4-43d6-8769-72bd7b1efc73,12,ec2b76c0-bd67-4978-933b-42c5636bb174
a85f0e05-1260-4990-b687-d9dfb6f845a2,4,8e1e7314-a24b-4467-8c69-d4f6f66139e7
83e145c0-4dd6-4eb3-8736-966c7a20e886,3,a1d37ff7-dbc1-4eb3-beae-8e8df4532f64
2145e2a0-af83-4249-8677-21229901466e,11,3e909ce1-ca9f-4280-a3d1-7572c7c9bae0
7ca2015b-eb55-43e5-a6d1-59aa42a9c0ab,6,0515fb8d-56cc-480f-9a65-a7fbae9b38a0
22ddfc8d-4e5b-42b2-a6c2-3252fed44c3c,12,0515fb8d-56cc-480f-9a65-a7fbae9b38a0
c9c7e0f5-42c7-447c-966c-48c293873205,4,ec2b76c0-bd67-4978-933b-42c5636bb174
40f99572-8f0b-4129-a7b7-74bbcc5a3bd5,8,ec2b76c0-bd67-4978-933b-42c5636bb174
