e1233168-129f-46ff-9a9e-a16a079fa626,Augustina,Gosforth,M3137.0,2829e3bb-3636-4822-a000-1bb6bfa565d1
b2879e40-9e17-48ba-92f1-63be5922a59e,Dreddy,Bartlam,F3793.0,3fab8e85-70cd-4dbe-b149-c4ae563419e0
5c6cd892-aeff-445d-aaca-59172748b2ee,Vevay,Farnes,M2814.0,620b6958-edc5-43fe-b68c-35a4533ca52a
83c3b505-f566-4e64-b397-3097654fc542,Shaun,Greystoke,M2511.0,a834fe6b-8af9-40dd-b391-6dcb9384426b
0c9b1835-9f13-4f24-b566-41bf441d40a8,Bryon,McMechan,F2778.0,50ba9725-2ae1-4c60-95da-4df896edce54
e34cfec2-b230-4445-90fb-a26ed5050ece,Asa,Grisewood,M3478.0,f198f9c8-ea3f-4fbe-919f-9d1dfd0b18e0
fc51c556-62d6-4a0c-89e7-d887c6a1432a,Bamby,Roon,F2419.0,b1fa1e43-3d9b-4ff0-a20a-989f729a3237
e51da3bb-f09a-4622-af0b-82f8dc74af44,Halimeda,Leipnik,M2311.0,e7fb1333-d98e-4a52-9707-624e1030c59f
15b90f07-d2e1-49ba-905f-6e84c17833f5,Hilda,Peeke,M3839.0,71c18a1b-6488-4bae-98ea-3a61fe5d0466
5643883c-5060-4a11-a73e-754b5c490293,Ki,Offield,M2834.0,cd199648-55d4-4df4-b2a5-8231f7b65591
56b670bf-a0f3-4dd2-86e3-f986b816ef4e,Drusy,Roon,F3228.0,ff13de14-7107-4af1-9f64-b367c0a40535
a392a7c1-2f02-403b-9aeb-4954d4324e0b,Kelila,Giacoboni,F2806.0,156cda7e-e7b7-4336-a400-471679a83df3
30cadea8-38ed-4a88-a344-4c43bd3eef5c,Elroy,Gutsell,F3002.0,d4ca5cb2-898e-4437-a70a-a3ed3863d7a3
e52eba14-9941-4e39-93ac-cb0cb5d902b3,Hodge,Farnes,M3048.0,87c7f04c-a083-44a9-90ce-6487e5293b2b
68d1fa69-2646-4068-936a-d33453ba3255,Annalise,Gutsell,F3461.0,3fab8e85-70cd-4dbe-b149-c4ae563419e0
17e1db93-3cc3-49bb-bd4f-f3e3a0cb8ff6,Alyda,Meegin,F2685.0,dfdfd976-45d7-48ed-ac16-56c2badf5bbd
25e448d5-59d8-415d-8959-50c8594ba86d,Astrix,Leipnik,M3251.0,db7ba8fd-b886-46ee-ae88-7f7a3cb4d06f
246775c6-3d10-4b04-88a7-bc98631a29b9,Lanie,Szymonowicz,M3386.0,dfdfd976-45d7-48ed-ac16-56c2badf5bbd
7b09b865-d762-4d65-8171-afc77da27eca,Lucais,Jagielski,F2228.0,156cda7e-e7b7-4336-a400-471679a83df3
52db5067-bc76-4683-97dd-c56c15fb9fe1,Lanie,Greystoke,F3493.0,ff13de14-7107-4af1-9f64-b367c0a40535
9907c85f-ee2c-4946-8687-2911b0547647,Vladamir,Brunt,F3851.0,50ba9725-2ae1-4c60-95da-4df896edce54
85d28521-9af7-4422-a58c-76747c4e8c0b,Micheal,Puddan,F3218.0,620b6958-edc5-43fe-b68c-35a4533ca52a
1bbcc845-3849-4b14-a03f-8f53065a93f3,Curt,Goodin,M3572.0,71c18a1b-6488-4bae-98ea-3a61fe5d0466
da856c2e-6b22-418f-af85-57cb089c09dd,Hilda,Tureville,M2099.0,2829e3bb-3636-4822-a000-1bb6bfa565d1
d2f7b7a7-205b-41b4-9dbe-7db2c13f5e25,Shela,Farndale,F3260.0,f198f9c8-ea3f-4fbe-919f-9d1dfd0b18e0
2257fa59-3cf7-46fe-a44c-1386921dbe0d,Lanie,Wollard,F3977.0,a834fe6b-8af9-40dd-b391-6dcb9384426b
ef0d6412-3857-4e0c-8218-34140649f70e,Ki,Urlich,M3680.0,9a3c3266-15d8-4778-b850-b136b7314d82
215e3090-5142-4bed-8ef0-5a5c1d2cf7d3,Astrix,Berrey,M3636.0,9a3c3266-15d8-4778-b850-b136b7314d82
520f2086-399b-49dc-a5f4-2fe1d1e0d7ec,Eberto,Ratnege,M3099.0,db7ba8fd-b886-46ee-ae88-7f7a3cb4d06f
b244519a-e014-4a9c-9399-1e149b21116d,Homer,Harcarse,M2998.0,cd199648-55d4-4df4-b2a5-8231f7b65591
c91a1e7f-209c-4753-8d8e-d79b7e327249,Ardith,Leipnik,F2629.0,d4ca5cb2-898e-4437-a70a-a3ed3863d7a3
e9aa1df7-d631-43e7-9db2-2f8f09193d05,Meyer,Hardson,F2909.0,87c7f04c-a083-44a9-90ce-6487e5293b2b
feb61bb7-e0b8-49c3-bc4e-8f3d0f11599b,Amalee,Bryde,F2832.0,b1fa1e43-3d9b-4ff0-a20a-989f729a3237
56357e20-461d-472e-b1ab-79e9162b14b6,Ki,Goodin,M2643.0,e7fb1333-d98e-4a52-9707-624e1030c59f
