a2b8e92c-0d07-415f-b65d-858931a8b964,1,28902b9e-4826-483a-a49a-babcfb193f47
c9f378ea-93c3-49e2-beff-7e8b65631c59,10,831b7257-52c4-4ab0-a6a0-ea25994aef30
f01fbe8a-8900-4b16-84ff-5de9b6b48ddb,10,d586f870-9aa5-4b4a-bdef-295e4a09c35c
5c57bea8-66aa-41e4-bdb7-07f53fbe62e9,11,d586f870-9aa5-4b4a-bdef-295e4a09c35c
391289eb-0daa-45e0-b9ed-d091255abbef,5,58745fb7-1289-4a73-ad25-1c0d56ebc56b
44cbf955-b56e-4c37-994e-8dac511f515a,11,6cc19671-8a2a-478e-9627-8495565f8aa3
78566d2e-2a74-462f-a8a8-bc08cbd5ec29,4,831b7257-52c4-4ab0-a6a0-ea25994aef30
a6d3980e-4b8d-4ad0-85fa-03bcd6a4fbb2,11,58745fb7-1289-4a73-ad25-1c0d56ebc56b
50516545-2258-40c1-8eba-470dc8ec899e,1,58745fb7-1289-4a73-ad25-1c0d56ebc56b
9a0e585b-261b-4cbf-b30f-157224ffd4a1,11,28902b9e-4826-483a-a49a-babcfb193f47
df3c9a92-4e44-4dc8-b279-aeb25b4601ad,3,d586f870-9aa5-4b4a-bdef-295e4a09c35c
e035a85d-6664-43db-8d92-aadb132aa56b,5,6cc19671-8a2a-478e-9627-8495565f8aa3
bd4cd169-3cc1-4060-9978-370201458aaf,4,28902b9e-4826-483a-a49a-babcfb193f47
d1dfe625-4bd0-4963-a7a9-eb71a759e4f1,11,831b7257-52c4-4ab0-a6a0-ea25994aef30
d7ae61c5-91ee-45a0-9a9a-9439b6804f9f,9,6cc19671-8a2a-478e-9627-8495565f8aa3
e610239f-8233-401f-9ab8-7ab61a115a2c,2,28902b9e-4826-483a-a49a-babcfb193f47
305dc44c-354c-4be8-96c2-4d4116b3bcfb,4,58745fb7-1289-4a73-ad25-1c0d56ebc56b
a1b58cd6-f9a6-40b7-8cb6-0ee54bc7e784,7,d586f870-9aa5-4b4a-bdef-295e4a09c35c
37bc62ef-5738-450d-8a81-36908122545a,10,28902b9e-4826-483a-a49a-babcfb193f47
1c0cd78c-6cf3-4ab7-8048-76b9fadb9dbc,8,58745fb7-1289-4a73-ad25-1c0d56ebc56b
368d2303-3dea-4a3e-9ab3-d1d175d7dfcf,12,d586f870-9aa5-4b4a-bdef-295e4a09c35c
01d09c77-ede1-483b-a99c-2e599a249d1d,6,6cc19671-8a2a-478e-9627-8495565f8aa3
df43de79-132a-483d-b974-b796c52b8e9f,6,d586f870-9aa5-4b4a-bdef-295e4a09c35c
d9ad507c-c2fe-461f-b61b-c10dbe9b7ee5,8,6cc19671-8a2a-478e-9627-8495565f8aa3
58d556ea-67d6-4b98-ae23-e943f78ce2f9,12,58745fb7-1289-4a73-ad25-1c0d56ebc56b
b9dbdc14-7e45-479c-a8f7-17baddf451c7,8,d586f870-9aa5-4b4a-bdef-295e4a09c35c
2263f40e-8a43-43e8-8489-221bfb6ded7c,7,831b7257-52c4-4ab0-a6a0-ea25994aef30
c5d021bd-eb47-4ca8-9e22-eb4175fd01de,7,6cc19671-8a2a-478e-9627-8495565f8aa3
f42e0dd5-e5a3-4d27-9d7b-1e1f61cb32b7,12,28902b9e-4826-483a-a49a-babcfb193f47
3c43e20b-96da-431d-b79c-f1c03f5e2e3f,9,58745fb7-1289-4a73-ad25-1c0d56ebc56b
201e733c-8f98-4447-9975-7b65aaaea574,7,28902b9e-4826-483a-a49a-babcfb193f47
218ae25d-80f3-499c-858f-6c1d11830082,6,28902b9e-4826-483a-a49a-babcfb193f47
98bf3734-f2cf-4a4c-8efa-97d2f944fb27,10,6cc19671-8a2a-478e-9627-8495565f8aa3
f95f30c9-5020-4a99-aded-e77ade054fa1,2,6cc19671-8a2a-478e-9627-8495565f8aa3
81cffef9-725c-4acf-9d29-d150e1affebc,1,d586f870-9aa5-4b4a-bdef-295e4a09c35c
94b05f23-278a-4e00-8efa-4e2c13d113a6,8,831b7257-52c4-4ab0-a6a0-ea25994aef30
dd1be213-07bf-43e9-ac3e-82f0c36f2d16,9,831b7257-52c4-4ab0-a6a0-ea25994aef30
370c1536-3431-4dd9-8e6e-221492afd306,2,d586f870-9aa5-4b4a-bdef-295e4a09c35c
b15509ad-c43a-4078-962e-e491af83e1a2,1,6cc19671-8a2a-478e-9627-8495565f8aa3
9b84f62d-c9a7-4a2e-8819-4f66ff37165c,3,6cc19671-8a2a-478e-9627-8495565f8aa3
ae1ec084-cc99-4543-bbc7-8b35061bff23,4,6cc19671-8a2a-478e-9627-8495565f8aa3
c61323fa-f874-4728-a053-6e926f3490bc,6,831b7257-52c4-4ab0-a6a0-ea25994aef30
82fb3da5-09f3-4d2a-8966-d49d3cde3bb4,3,28902b9e-4826-483a-a49a-babcfb193f47
3dfa7c33-fea9-4adb-8773-1fb7b850aad5,4,d586f870-9aa5-4b4a-bdef-295e4a09c35c
355d273a-91fa-474c-a545-359a2ec07d7d,8,28902b9e-4826-483a-a49a-babcfb193f47
4b83dcd7-23c0-414d-b616-64a6e362dd0c,1,831b7257-52c4-4ab0-a6a0-ea25994aef30
355a04b0-67a5-45e2-81ed-0be111f7b6b7,5,831b7257-52c4-4ab0-a6a0-ea25994aef30
b15cb912-6a23-4d32-b09b-09de40a038eb,2,58745fb7-1289-4a73-ad25-1c0d56ebc56b
6cb6cd14-aa5b-4a7e-8a30-e4f08fac05f6,12,6cc19671-8a2a-478e-9627-8495565f8aa3
9b37b9aa-ba7c-4330-bca9-1cf38dc5dba0,3,58745fb7-1289-4a73-ad25-1c0d56ebc56b
548378f5-9f66-41fb-aafd-794f29766cf9,5,28902b9e-4826-483a-a49a-babcfb193f47
ff70e282-81bf-43ed-998c-bc29f2436f54,6,58745fb7-1289-4a73-ad25-1c0d56ebc56b
1dab79a2-0561-4c11-8ee2-53155ec7dfb9,3,831b7257-52c4-4ab0-a6a0-ea25994aef30
4bfe3e3a-2334-4900-a26e-a57258ae0f79,9,d586f870-9aa5-4b4a-bdef-295e4a09c35c
386f5f92-8204-4caf-9569-c81e9af22ed8,9,28902b9e-4826-483a-a49a-babcfb193f47
a7f5634c-4623-48a3-8b08-e0f407515e83,10,58745fb7-1289-4a73-ad25-1c0d56ebc56b
05ceb195-d326-48a1-8af5-c769a0b69ea9,2,831b7257-52c4-4ab0-a6a0-ea25994aef30
de717284-c6b2-4ea1-9d7a-cadd5356c88c,7,58745fb7-1289-4a73-ad25-1c0d56ebc56b
1f6b4930-593c-4bd0-94eb-563e4d3782de,5,d586f870-9aa5-4b4a-bdef-295e4a09c35c
1fdc2c26-e742-4c28-b9e5-0224fe01a184,12,831b7257-52c4-4ab0-a6a0-ea25994aef30
